,0/0,0/1,1/0,1/1
chrM,132,0,0,46
chr1,21858,15752,0,9221
chr2,24160,17609,0,10138
chr3,22040,15288,0,9191
chr4,19402,13518,0,8577
chr5,18350,13363,0,7329
chr6,22480,14438,0,9250
chr7,16588,11685,0,7223
chr8,16284,12107,0,6989
chr9,13986,10273,0,5944
chr10,15297,10781,0,6637
chr11,13873,10190,0,6013
chr12,14181,10520,0,6294
chr13,11062,7843,0,4501
chr14,9990,7591,0,3814
chr15,10164,7300,0,4403
chr16,9866,7104,0,4185
chr17,7858,5125,0,3103
chr18,9664,6707,0,3916
chr19,4776,3568,0,1814
chr20,7035,5328,0,3272
chr21,4561,3322,0,1924
chr22,3276,2485,0,1536
chrX,7589,164,0,4973
chrY,1703,0,0,238
